"Designer Floors &amp; More","flooring-professionals.com /designer-floors-more/","068918 ",0,0
"Canopy Floors &amp; Interiors","flooring-professionals.com /canopy-floors-interiors/",068403,0,0
"Classic Flooring"," Inc","flooring-professionals.com /classic-flooring/",080271,0,0
"Hardwood Floors And More","flooring-professionals.com /hardwood-floors-and-more/",021472,0,0
"Jemson Cabinetry","flooring-professionals.com /jemson-cabinetry/",7834,0,0
"Carpet Hut: By McDrake","flooring-professionals.com /carpet-hut-by-mcdrake/",33510,0,0
"Supreme Floors","flooring-professionals.com /supreme-floors/",069787,0,0
"Inline Tile","flooring-professionals.com /inline-tile/",083805,0,0
"Design Floor &amp; Home LLC","flooring-professionals.com /design-floor-home-llc/",068534,0,0
"Sims Hardwood Flooring","flooring-professionals.com /sims-hardwood-flooring/",009900,0,1
"Harrisburg Wall &amp; Floor Co","flooring-professionals.com /harrisburg-wall-floor-co/",010772,0,0
"V.G. Enterprises Inc.","flooring-professionals.com /vg-enterprises-inc/",069457,0,0
"Florida Home Store","flooring-professionals.com /florida-home-store/",68770,0,0
"FLOOR ADVISOR","flooring-professionals.com /floor-advisor-va/",32870,0,0,0,0
"GO MOBILE FLOORING","flooring-professionals.com /go-mobile-flooring/",68836,0,0
"Southern Floor Designs LLC","flooring-professionals.com /southern-floor-designs/",33246,0,0
"For The Floor","flooring-professionals.com /for-the-floor/",68687,0,0
"The Carpet Store","flooring-professionals.com /the-carpet-store/",,0,0
"The Flooring Resource Inc.","flooring-professionals.com /the-flooring-resource-inc/",68191,0,0
"Network Flooring &amp; Maintenance","flooring-professionals.com /network-flooring/",28377,0,0
"Quantum Floors","flooring-professionals.com /quantum-floors/",68110,0,0
"Sistare Carpets and Flooring","flooring-professionals.com /sistare-carpets-flooring/",20245,0,0
"Optima Flooring Center","flooring-professionals.com /optima/",69410,0,0
"The Flooring Gallery","flooring-professionals.com /flooring-gallery/",8784,0,0
"Ultimate Building and Design Showroom","flooring-professionals.com /ubd/",032220,0,0
"KC Flooring","flooring-professionals.com /kc-flooring/",32425,1,1
"Second Street Floors","flooring-professionals.com /second-street-floors/",32561,0,0
"ALBURNI LLC","flooring-professionals.com /Kittles-Flooring-Company/",,0,0
"Premium Design Flooring","flooring-professionals.com /premium-design-flooring/",,0,0
"All Star Flooring of Florida","flooring-professionals.com /all-star-flooring-florida/",902524,0,0
"Designer&#039;s Touch Flooring","flooring-professionals.com /designers-touch-flooring/",69850,1,0
"Startown Carpet","flooring-professionals.com /startown-carpet/",18500,0,0
"Wall to Wall Floor Covering","flooring-professionals.com /wall-to-wall-floor-covering/",018841,0,0
"Revive a Carpet","flooring-professionals.com /revive-a-carpet/",5118,0,0
"Elite Kitchen &amp; Bath","flooring-professionals.com /elite-kitchen-bath/",21821,0,0
"M&amp;M Carpet &amp; Tile","flooring-professionals.com /m-and-m-carpet-tile/",69281,0,0
"Base Theme Modern","flooring-professionals.com /base-theme-modern/",,0,0
"Newcomb Carpet &amp; Flooring","flooring-professionals.com /newcomb-carpet-and-flooring/",1947,1,2
"Southern Carpets &amp; Hardwood Floors","flooring-professionals.com /southern-carpets-hardwood-floors/",19957,0,0
"Weaver&#039;s Carpet and Tile","flooring-professionals.com /weavers-carpet-tile/",022732,0,0
"PriceCo Floors","flooring-professionals.com /priceco-floors-incorporated/",,0,0
"Strickler Furniture &amp; Carpet Inc.","flooring-professionals.com /strickler-furniture-carpet-inc/",25834,0,0,0
"Thomson Carpet Center","flooring-professionals.com /thomson-carpet-center/",37362,0,0
"Preferred Flooring","flooring-professionals.com /preferred-flooring/",2399,0,0
"Midway Carpet Distributors"," Inc.","flooring-professionals.com /midway-carpet-distributors-inc/",12405,0,0
"Floor Systems","flooring-professionals.com /floor-systems/",23343,0,0
"The Carpet House","flooring-professionals.com /the-carpet-house/",6623,1,1
"American Flooring","flooring-professionals.com /american-flooring/",902677,0,0
"Kittle&#039;s Flooring Company","flooring-professionals.com /kittles-flooring-company/",902231,0,0
"Flooring Store","flooring-professionals.com /flooring-store/",908449,0,0
"Albritton Company"," Inc. ","flooring-professionals.com /albritton-company/",12190,0,0
"Stick and Stone Hard Surfaces","flooring-professionals.com /stick-and-stone-hard-surfaces/",81461,0,0
Rugworks," LLC","flooring-professionals.com /rugworks/",4360,1,0
"World of Floors","flooring-professionals.com /world-of-floors/",932522,0,0
"Majestic Flooring","flooring-professionals.com /majestic-flooring/",,0,0
"Allwoods Hardwood Floors","flooring-professionals.com /allwoods-hardwood-floors/",930335,0,0
"Hall Distributors"," LLC","flooring-professionals.com /hall-distributors/",31430,0,0
"Creative Flooring Concepts","flooring-professionals.com /creative-flooring-concepts/",15403,4,1
"All About Floors","flooring-professionals.com /all-about-floors/",7237,0,0
"King&#039;s Custom Hardwoods","flooring-professionals.com /kings-custom-hardwoods/",34820,0,0
"Tri-Point Flooring"," Inc.","flooring-professionals.com /tri-point-flooring/",32020,0,0
"Deco 27","flooring-professionals.com /deco-27/",953510,0,0
"Wythe Carpet Sales and Service","flooring-professionals.com /wythe-carpet-sales-and-service/",12253,0,0
"Carpet Wholesalers","flooring-professionals.com /carpet-wholesalers/",15826,0,0
"Bradley’s Carpet &amp; Flooring","flooring-professionals.com /bradleys-carpet-flooring/",16768,0,0
"K&amp;M Home Center"," Inc. ","flooring-professionals.com /k-m-home-center-inc/",5582,0,0
"Parran’s Flooring Center"," Inc.","flooring-professionals.com /parrans-flooring-center/",31414,0,0
"Orlando Flooring Store","flooring-professionals.com /orlando-flooring-store/",931339,0,0
"Classic Floors &amp; Countertops","flooring-professionals.com /classic-floors-countertops/",947440,0,0
"Premium Design Flooring Inc. ","flooring-professionals.com /premium-design-flooring-inc/",937665,2,3
"Solo Flooring","flooring-professionals.com /solo-flooring/",26346,0,0,0
"Flooring Plus","flooring-professionals.com /appliance-plusbuilder-contract-sales-inc/",5370,0,0
"Floors &amp; More","flooring-professionals.com /floors-more/",16818,0,0
"Quality Floors","flooring-professionals.com /quality-floors/",20832,0,0
"Floor Depot","flooring-professionals.com /floor-depot/",920827,11,0
"Enduracolor Hardwood Flooring","flooring-professionals.com /enduracolor-hardwood-flooring/",918315,0,0
"Designer Lifestyles LLC","flooring-professionals.com /designer-lifestyles-llc/",916333,0,0
"Carpet Connection","flooring-professionals.com /carpet-connection-2/",16413,0,0
"Chappie’s Carpet &amp; Floors"," Inc","flooring-professionals.com /chappies-carpet-floors/",911550,1,0
"Carpet Store"," Inc.","flooring-professionals.com /carpet-store-inc/",909900,0,0
"Luke Van Camps Floors and More Inc","flooring-professionals.com /luke-van-camps-floors-and-more/",83362,0,0
"Rainbow Home Interiors","flooring-professionals.com /rainbow-home-interiors/",6444,0,0
"Integrity Flooring","flooring-professionals.com /integrity-flooring/",31304,0,0
"DJ Floors and Remodeling","flooring-professionals.com /dj-floors-and-remodeling/",30647,1,0
"Rapid Response Team ","flooring-professionals.com /rapid-response-team/",938816,0,0
"Lake Murray Floor Covering","flooring-professionals.com /lake-murray-floor-covering/",19643,0,0
"Poppell Brothers Flooring","flooring-professionals.com /poppell-brothers-flooring/",26338,0,0
"Floors Galore","flooring-professionals.com /floors-galore/",32109,1,0
"Al Barnes Carpet","flooring-professionals.com /al-barnes-carpet/",25642,2,0
"Alabama Custom Flooring","flooring-professionals.com /alabama-custom-flooring/",79685,0,0
"S &amp; S Carpet Sales","flooring-professionals.com /s-s-carpet-sales/",2235,
"Leicester Carpet Sales","flooring-professionals.com /leicester-carpet-sales/",2039,0,0
"Frye’s Interiors","flooring-professionals.com /fryes-interiors/",9607,0,0
"Ebby’s Finishing Touches LLC","flooring-professionals.com /ebbys-finishing-touches-llc/",7246,0,0
"Discount Linoleum","flooring-professionals.com /discount-linoleum/",25386,0,0
"Mallary Carpet Care","flooring-professionals.com /mallary-carpet-care/",4954,1,0
"Munday Hardwoods"," Inc.","flooring-professionals.com /munday-hardwoods/",28983,0,0
"D&amp;S Flooring","flooring-professionals.com /ds-flooring/",7833,0,0
"Interiors by Design","flooring-professionals.com /interiors-by-design/",24636,0,0
"Professional Carpet Systems","flooring-professionals.com /professional-carpet-systems/",1758,1,1
"Bay Carpets Inc.","flooring-professionals.com /bay-carpets-inc/",595,1,0
"Dave Dean’s Flooring","flooring-professionals.com /dave-deans-flooring/",31851,0,0
"Dagsboro Paint &amp; Wallpaper","flooring-professionals.com /dagsboro-paint-wallpaper/",79342,0,0
"Wertz Flooring","flooring-professionals.com /wertz-flooring/",29991,0,0
"J &amp; S Flooring","flooring-professionals.com /j-s-flooring/",25326,0,0
"Crawford Home Improvements","flooring-professionals.com /crawford-home-improvements/",28784,0,0
"A Plus Carpet and Flooring","flooring-professionals.com /a-plus-carpet-and-flooring/",25285,0,0
"JAG Flooring &amp; Construction","flooring-professionals.com /jag-flooring-construction/",32429,2,3
"Jake’s Carpet","flooring-professionals.com /jakes-carpet/",7402,0,1
"Wades Floor Covering","flooring-professionals.com /wades-floor-covering/",23600,1,2
"Matteo Family Kitchens &amp; Flooring"," Inc.","flooring-professionals.com /matteo-family-kitchens-flooring-inc/",3506,0,0
"Carolina In Home Flooring &amp; Design Center","flooring-professionals.com /carolina-in-home-flooring-design-center/",30083,0,0
"Rhodes Carpet and Installation","flooring-professionals.com /rhodes-carpet-installation/",78286,0,0
"Barefoot Flooring"," Inc.","flooring-professionals.com /barefoot-flooring-inc/",21644,1,1
"Rotenizer Drapery &amp; Carpet","flooring-professionals.com /rotenizer-drapery-carpet/",24012,1,0
"A&amp;E Flooring","flooring-professionals.com /ae-flooring/",4283,0,0
"Carillon Floor Center","flooring-professionals.com /carillon-floor-center/",906975,0,0
"Designer Floors","flooring-professionals.com /designer-floors/",916330,0,0
"The Floor Doctor and The Wood Floor Store","flooring-professionals.com /the-floor-doctor-and-the-wood-floor-store/",920040,0,0
FloorMasters,"flooring-professionals.com /floormasters/",949944,0,0
"Renaissance Floor &amp; Carpet","flooring-professionals.com /renaissance-floor-carpet/",13992,0,0
"Floors For You","flooring-professionals.com /floors-for-you/",918030,0,0
"Jennings Builders Supply and Design Showroom","flooring-professionals.com /jennings-builders-supply-and-design-showroom/",37195,0,0
"Xterior Plus Inc","flooring-professionals.com /xterior-plus-inc/",6956,0,0
"Coast Floor &amp; Tile Group","flooring-professionals.com /coast-floor-tile-group/",938810,0,0
"California Designs"," Inc.","flooring-professionals.com /california-designs-inc/",906630,0,0
"Danville Paint &amp; Supply Inc","flooring-professionals.com /danville-paint-supply-inc/",18221,0,0
"Frontier Hardwood Flooring Inc.","flooring-professionals.com /frontier-hardwood-flooring-inc/",922260,0,0
"The Flooring Broker","flooring-professionals.com /the-flooring-broker/",948956,1,0
"First Choice Flooring LLC","flooring-professionals.com /first-choice-flooring-llc/",25287,0,0
"USA Flooring","flooring-professionals.com /usa-flooring/",25005,0,0
FlooringMaster,"flooring-professionals.com /flooring-master/",920546,0,0
"DCO Flooring","flooring-professionals.com /dco-flooring/",925400,0,0
"T&amp;M Floors","flooring-professionals.com /t-m-floors/",949279,0,0
"Floor Specialist Jupiter Inc","flooring-professionals.com /floor-specialist-jupiter-inc/",920225,0,0
"Celebrity Carpets &amp; Interiors","flooring-professionals.com /celebrity-carpets-interiors/",904000,0,0
"East Coast Flooring &amp; Interiors","flooring-professionals.com /east-coast-flooring-interiors/",917751,0,0
"Ultimate Design Center","flooring-professionals.com /ultimate-design-center/",919748,0,0
"Hometown Flooring Center","flooring-professionals.com /hometown-flooring-center/",22364,1,0
"East Coast Tile &amp; Flooring","flooring-professionals.com /east-coast-tile-flooring/",24175,0,0
"Catalfamo Gallery","flooring-professionals.com /catalfamo-gallery/",911170,0,0
"Raleigh Tile of Beckley","flooring-professionals.com /raleigh-tile-of-beckley/",28421,0,0
"Sav-A-Lot Flooring Outlet By Flinchums","flooring-professionals.com /sav-a-lot-flooring-outlet/",15669,3,0
"Tidewater Flooring"," Inc.","flooring-professionals.com /tidewater-flooring-inc/",31755,6,5
"Kashmir Floors &amp; Cabinet","flooring-professionals.com /kashmir-floors-cabinet/",11731,1,1
"Epsilon Floors"," Inc. ","flooring-professionals.com /epsilon-floors-inc/",918345,0,0
"Family Flooring"," LLC","flooring-professionals.com /family-flooring-llc/",52458,0,0
"Your Floors"," Inc.","flooring-professionals.com /your-floors-inc/",21599,5,2
"Showplace Floors","flooring-professionals.com /showplace-floors/",922168,0,0
"Young Interiors","flooring-professionals.com /young-interiors/",15644,0,0
"Wood Floor Warehouse","flooring-professionals.com /wood-flooring-warehouse/",15845,0,0
"Williford Flooring Company Inc. ","flooring-professionals.com /williford-flooring-company-inc/",953170,0,0
"Williams Floor Covering","flooring-professionals.com /williams-floor-covering/",7436,4,2
"Westport Flooring"," Inc. ","flooring-professionals.com /westport-flooring-inc/",12234,0,0
"Wellman General Contracting &amp; Home Improvements"," LLC.","flooring-professionals.com /wellman-general-contracting/",30849,0,0
"Webb Carpet Company"," Inc. ","flooring-professionals.com /webb-carpet-company-inc/",35152,0,0
"Wayne&#039;s Carpet Plus","flooring-professionals.com /waynes-carpet-plus/",951875,0,0
"Webb Craft Tile &amp; Carpet"," Inc.","flooring-professionals.com /webb-craft-tile-carpet-inc/",15426,0,0
"Watkins Floorcovering","flooring-professionals.com /watkins-floorcovering/",22849,0,0
"Wallett’s Flooring","flooring-professionals.com /walletts-flooring/",7890,0,0
"Wadsworth Flooring","flooring-professionals.com /wadsworth-flooring/",951552,0,0
"Waccamaw Floor Covering","flooring-professionals.com /waccamaw-floor-covering/",15045,0,0
"Village Flooring","flooring-professionals.com /village-flooring/",951349,0,0
"Vienna Floors &amp; Wall Coverings","flooring-professionals.com /vienna-floors-wall-coverings/",13649,0,0
"Value Carpet One","flooring-professionals.com /value-carpet-one/",1376,0,0
"Valley Forge Rug Co.","flooring-professionals.com /valley-forge-rug-co/",10117,0,0
"Ultimate Flooring Design Center","flooring-professionals.com /ultimate-flooring-design-center/",21405,8,6
"Treasure Coast Carpets","flooring-professionals.com /treasure-coast-carpets/",950300,0,0
"Tracy&#039;s Carpet Service &amp; Sales","flooring-professionals.com /tracys-carpet-service-sales/",22127,0,0
"Thomas Carpets"," Inc.","flooring-professionals.com /thomas-carpets-inc/",26236,0,0
"The Square Yard","flooring-professionals.com /the-square-yard-inc/",23302,0,1
"The Floor Store of Newberry","flooring-professionals.com /the-floor-store-of-newberry/",920375,0,0
"The Floor Boss","flooring-professionals.com /the-floor-boss/",919996,0
"The Carpet Company","flooring-professionals.com /the-carpet-company/",25795,0,0
"The Decorating Center","flooring-professionals.com /the-decorating-center/",18504,0,0
"Thadson Flooring","flooring-professionals.com /thadson-flooring/",24211,5,0
"Terry’s Flooring","flooring-professionals.com /terrys-flooring/",21571,1,0
"Surfaces Flooring","flooring-professionals.com /surfaces-flooring/",948968,0,0
"Styron Floor Covering","flooring-professionals.com /styron-floor-covering/",3963,2,1
"Stover&#039;s Liquidation","flooring-professionals.com /stovers/",19820,0,0
"Spectrum of Floors","flooring-professionals.com /spectrum-of-floors/",24203,0,0
"South River Flooring","flooring-professionals.com /south-river-flooring/",26170,0,0
"Special Effects","flooring-professionals.com /special-effects/",23620,6,0
"Southern Maryland Kitchen"," Bath"," Floors &amp; Design","flooring-professionals.com /southern-maryland-kitchen-bath-floors-design/",25821,0,0
"Southern Classic Floors","flooring-professionals.com /southern-classic-floors/",23713,1,0
"Southeastern Interiors","flooring-professionals.com /southeastern-interiors/",15718,1,1
"Sonny’s Carpet","flooring-professionals.com /sonnys-carpet/",18417,0,0
"Slatington Floor Center"," Inc","flooring-professionals.com /slatington-floor-center-inc/",10273,1,0
"Select Floor Sales","flooring-professionals.com /select-floor-sales/",942810,0,0
"Signature Flooring","flooring-professionals.com /signature-flooring/",29428,0,0
"Scorey Brothers Flooring"," Inc.","flooring-professionals.com /scorey-brothers-flooring-inc/",20234,0,1
"Sauls &amp; Co. Floor Fashions","flooring-professionals.com /sauls-co-floor-fashions/",26186,0,0
"Sasser Companies"," Inc.","flooring-professionals.com /sasser-companies-inc/",28808,0,0
"ReFloor by Design","flooring-professionals.com /refloor-by-design/",6429,0,0
"Rustic Building Supply","flooring-professionals.com /rustic-building-supply/",1861,0,0
"Red Barron Flooring","flooring-professionals.com /red-barron-flooring/",12135,0,0
"Redline Floor Covering"," Inc. ","flooring-professionals.com /redline-floor-covering-inc/",19329,1,0
"R &amp; J Carpet Connection","flooring-professionals.com /r-j-carpet-connection/",20255,2,0
"RICH RANIERI"," INC.","flooring-professionals.com /rich-ranieri-inc/",13288,4,3
"Quality Flooring","flooring-professionals.com /quality-flooring-by-frank-milea/",938528,0,0
"Pro-Line Tile Distributors"," Inc.","flooring-professionals.com /pro-line-tile/",937985,0,0
"Professional Floors","flooring-professionals.com /professional-floors/",22379,1,0
"Professional Floor &amp; Wall","flooring-professionals.com /professional-floor-wall/",14464,0,0
"Potomac Tile &amp; Carpet","flooring-professionals.com /potomac-tile-carpet/",6168,0,0
"Pilot Floor Covering"," Inc. ","flooring-professionals.com /pilot-floor-covering-inc/",5081,0,0
"Porter &amp; Porter Floor Coverings","flooring-professionals.com /porter-porter-floor-coverings/",22651,1,0
"P H D Home Center","flooring-professionals.com /p-h-d-home-center/",14288,1,0
"Paul Morin’s Floor &amp; Wall Design","flooring-professionals.com /paul-morins-floor-wall-design/",3720,2,1
"P.C. Curry","flooring-professionals.com /p-c-curry/",18098,0,0
"One Stop Painting &amp; Flooring"," Inc.","flooring-professionals.com /one-stop-painting-flooring-inc/",936140,1,0
"Old Dominion Floor Company"," Inc.","flooring-professionals.com /old-dominion-floor-company-inc/",18932,2,0
"O C Floor Gallery","flooring-professionals.com /o-c-floor-gallery/",22011,0,0
"Ocean City Carpet &amp; Tile","flooring-professionals.com /ocean-city-carpet-tile/",23327,2,1
"Northeastern Flooring"," Inc. ","flooring-professionals.com /northeastern-flooring-inc/",25225,0,0
"Nic-Lor Floors"," Inc.","flooring-professionals.com /nic-lor-floors-inc/",19576,1,0
"Nickel Mine Floor Covering Main Location","flooring-professionals.com /nickel-mine-floor-covering/",9567,6,0
"Fred Nickel Tile","flooring-professionals.com /fred-nickel-tile/",921923,0,0
"Mill Direct Carpet","flooring-professionals.com /mill-direct-carpet/",15250,0,0
"Moore Floors"," Inc.","flooring-professionals.com /moore-floors-inc/",15861,3,2
"Michael&#039;s Floor Covering","flooring-professionals.com /michaels-floor-covering/",932105,0,0
"McNulty’s Building Supply Main Location","flooring-professionals.com /mcnultys-building-supply/",7017,5,0
"Martin’s Floor Covering","flooring-professionals.com /martins-floor-covering/",10085,0,0
"McLean Floorcoverings","flooring-professionals.com /mclean-floorcoverings/",8644,0,3
"Mark’s Floors","flooring-professionals.com /marks-floors/",931176,0,0
"Mark&#039;s Floor Coverings"," Inc.","flooring-professionals.com /marks-floor-coverings-inc/",67810,2,0
"M &amp; Z Carpets","flooring-professionals.com /m-z-carpets/",10099,0,0
"Malsnee Tile &amp; Stone","flooring-professionals.com /malsnee-tile-stone/",6817,0,0
"Majestic Flooring &amp; Home Design","flooring-professionals.com /majestic-flooring-home-design/",22547,0,0
"Loudoun Carpet Care Company","flooring-professionals.com /loudoun-carpet-care-company/",10990,0,0
"LITTLE Wood Flooring","flooring-professionals.com /little-wood-flooring/",29388,0,0
"Leaf Floor Covering","flooring-professionals.com /leaf-floor-covering/",16305,0,0
"Lavalette Carpet &amp; Tile Center","flooring-professionals.com /lavalette-carpet-tile-center/",147,0,0
"Chuck Kraft Carpets"," LLC","flooring-professionals.com /chuck-kraft-carpets-llc/",3533,0,2
"K&amp;K Hardwood Floors"," Inc.","flooring-professionals.com /k-k-floors-inc/",22135,0,0
"Central Carpet Care"," Inc.","flooring-professionals.com /central-carpet-care-inc/",20147,6,8
"John Penn Corporation","flooring-professionals.com /john-penn-corporation/",937100,0,0
"JK Carpets"," Inc.","flooring-professionals.com /jk-carpets-inc/",15260,2,0
"Jerry’s Carpet Sales &amp; Service","flooring-professionals.com /jerrys-carpet-sales-service/",22481,0,2,0
"Jeanette’s Interiors","flooring-professionals.com /jeanettes-interiors/",927980,0,0
"Jack’s Tile City","flooring-professionals.com /jacks-tile-city/",15650,0,0
"International Wood Floors","flooring-professionals.com /international-wood-floors/",927050,0,0
"Interior Images","flooring-professionals.com /interior-images/",14146,0,1
"Indoor City","flooring-professionals.com /indoor-city/",2515,0,1
"Hurst Hardwoods","flooring-professionals.com /hurst-hardwoods/",926565,0,0
"Hughes Floor Covering","flooring-professionals.com /hughes-floor-covering/",12098,0,0
"The Home Center","flooring-professionals.com /the-home-center/",1346,0,0
"Home Beautiful Floors &amp; More"," Inc.","flooring-professionals.com /home-beautiful-floors-more-inc/",925725,1,2
"Holland Floor Covering","flooring-professionals.com /holland-floor-covering/",17321,4,8
"Herring Carpets &amp; Interiors"," Inc.","flooring-professionals.com /herring-carpets-interiors-inc/",5741,0,1
"Classic Wood Flooring","flooring-professionals.com /classic-wood-flooring/",904400,0,0
"Heritage Floors"," Inc.","flooring-professionals.com /heritage-floors-inc/",28378,0,0
"Henry’s Floor Covering","flooring-professionals.com /henrys-floor-covering/",10703,0,0
"Haw River Flooring"," Inc.","flooring-professionals.com /haw-river-flooring-inc/",12363,0,0
"Hawkins Floor Co.","flooring-professionals.com /hawkins-floor-co/",5887,0,0
"Hatchers Floors"," Inc.","flooring-professionals.com /hatchers-floors-inc/",24516,0,0
"Hanks Discount","flooring-professionals.com /hanks-discount/",17569,0,0
"Hager Furniture Company"," Inc. Main Location","flooring-professionals.com /hager-furniture-company-inc/",2604,1,0
"Giovino’s Flooring","flooring-professionals.com /giovinos-flooring/",21273,1,1
"H &amp; A Carpet","flooring-professionals.com /h-a-carpet/",12066,0,0
"Grande Floor Covering","flooring-professionals.com /grande-floor-covering/",23582,7,5
"Fry’s Flooring"," LLC","flooring-professionals.com /frys-flooring-llc/",30472,0,0
Ginex," Inc. ","flooring-professionals.com /ginex-inc/",923440,1,0
"Garvey’s Carpet","flooring-professionals.com /garveys-carpet/",16935,0,0
"Fredericksburg Hardwood Flooring Supply"," LLC Main Location","flooring-professionals.com /fredericksburg-hardwood-flooring-supply-llc/",24491,1,0
"Fred Callaghan","flooring-professionals.com /fred-callaghan/",9622,0,0
"Frank Hollinger Family Flooring","flooring-professionals.com /frank-hollinger-flooring/",921815,1,0
"Foundation Flooring","flooring-professionals.com /foundation-flooring/",921789,0,0
"Fogleman’s Carpet Inc.","flooring-professionals.com /foglemans-carpet-inc/",15345,1,2
"Fluss Flooring"," Inc.","flooring-professionals.com /fluss-flooring-inc/",22819,0,0
"Floors and More","flooring-professionals.com /floors-and-more/",920711,0,0
"Flor Source Enterprises","flooring-professionals.com /flor-source-enterprises/",929289,0,0
"FLOOR TALK"," LLC","flooring-professionals.com /floor-talk/",18532,1
"Floors Unlimited","flooring-professionals.com /floors-unlimited/",1223,4,0
"Floor Specialists of Wellington","flooring-professionals.com /floor-specialists-of-wellington/",920224,0,0
"The Floor Source","flooring-professionals.com /the-floor-source/",5189,0,0
"Floors &amp; More Design Center","flooring-professionals.com /floors-more-design-center/",20054,1,0
FloorMax,"flooring-professionals.com /floormax/",30405,0,0
"Flooring Concepts"," Inc.","flooring-professionals.com /flooring-concepts-inc/",22864,0,0
"Flooring &amp; Furniture Design Center of Hickory","flooring-professionals.com /flooring-furniture-design-center-of-hickory/",28838,0,0
Flooring.org,"flooring-professionals.com /flooring-org/",932972,0,0
"Flawless Flooring &amp; Furnishings","flooring-professionals.com /flawless-flooring-furnishings/",8224,0,0
"Fine Floors By Dan Gray","flooring-professionals.com /fine-floors-by-dan-gray/",18109,2,2
"Fashion Floors of Roanoke","flooring-professionals.com /fashion-floors-of-roanoke/",16569,0,0
"Family Floors","flooring-professionals.com /family-floors/",21198,1,1
"Elite Flooring"," Inc.","flooring-professionals.com /elite-flooring-inc/",29443,0,0
"Family Flooring","flooring-professionals.com /family-flooring/",13927,1,1
"Fairfax Floors"," Inc.","flooring-professionals.com /fairfax-floors-inc/",17985,0,0
"Evans Carpet Corporation","flooring-professionals.com /evans-carpet-corporation/",11817,5,0
"Main Street Flooring","flooring-professionals.com /main-street-flooring/",19905,0,0
"Emerald Carpet &amp; Flooring","flooring-professionals.com /emerald-carpet-flooring/",22939,0,0
"Elco Floor Coverings"," Inc.","flooring-professionals.com /elco-floor-coverings-inc/",19583,0,0
"Easton Flooring","flooring-professionals.com /easton-flooring/",21775,0,0
"East Coast Flooring","flooring-professionals.com /east-coast-flooring/",917752,3,0
"Early&#039;s Carpet"," Inc.","flooring-professionals.com /earlys-carpet-inc/",20867,0,0
"Eagle Carpet","flooring-professionals.com /eagle-carpet/",3654,1,0
"Dorsey Brothers","flooring-professionals.com /dorsey-brothers/",10874,0,2,0
"Doral Hardwood Floors","flooring-professionals.com /doral-hardwood-floors/",921701,7,2
"Dominion Floors","flooring-professionals.com /dominion-floors/",234,0,0
"Dominion Floor Covering"," Inc.","flooring-professionals.com /dominion-floor-covering-inc/",11421,2
"Dimensions in Tile &amp; Stone","flooring-professionals.com /dimensions-in-tile-stone/",927452,0,0
"The Design Expo Flooring Center","flooring-professionals.com /the-design-expo-flooring-center/",22934,0,0
"Deca Interiors Inc.","flooring-professionals.com /deca-interiors-inc/",23623,0,0
"DeHart Tile Co Inc.","flooring-professionals.com /dehart-tile-co-inc/",6700,0,0
"D &amp; D Floor Coverings","flooring-professionals.com /d-d-floor-coverings/",11368,0
"Dalton Carpet","flooring-professionals.com /dalton-carpet/",21857,0,0
"Custom Floor","flooring-professionals.com /custom-floor/",21614,0,0
"Creative Floors","flooring-professionals.com /creative-floors/",914035,0,0
"Crown Floors inc.","flooring-professionals.com /crown-floors-inc/",25666,0,0
"CREATIVE FLOORING &amp; DESIGN","flooring-professionals.com /creative-flooring-design/",29886,1
FlorHaus,"flooring-professionals.com /florhaus/",6520,0,0
"Costen Floors","flooring-professionals.com /costen-floors/",4891,0,0
"The Flooring Connection","flooring-professionals.com /the-flooring-connection/",24515,0,0
Corter&#039;s,"flooring-professionals.com /corters/",9400,0,0
"Complete Floor Covering Of Lemont","flooring-professionals.com /complete-floor-covering-of-lemont/",3325,4
"Contemporary Hardwood Floors"," Inc.","flooring-professionals.com /contemporary-hardwood-floors-inc/",913353,0,0
"Color Flooring","flooring-professionals.com /color-flooring/",23315,0,0
"Clippard’s Furniture &amp; Interiors","flooring-professionals.com /clippards-furniture-interiors/",4446,1,0
"Classic Flooring Designs","flooring-professionals.com /classic-flooring-designs/",911915,0,0
"Classic Floor Covering","flooring-professionals.com /classic-floor-covering/",19139,
"Chesapeake Family Flooring","flooring-professionals.com /chesapeake-family-flooring/",21422,0,0
"Chapman Carpet","flooring-professionals.com /chapman-carpet/",911500,0,0
"Chandler’s Floor &amp; Wall","flooring-professionals.com /chandlers-floor-wall/",15370,0,2
"Charles F. Zeigler Sons"," Inc. Custom Flooring and Warehouse Outlet","flooring-professionals.com /charles-f-zeigler-sons-inc-custom-flooring-and-warehouse-outlet/",10698,6,4
"Carpet World","flooring-professionals.com /carpet-world/",10553,0,0
"Carpet Village"," Hardwood-Ceramic","flooring-professionals.com /carpet-village-hardwood-ceramic/",8849,2,0
"Carpets by David"," Inc.","flooring-professionals.com /carpets-by-david-inc/",18127,0,0
"Carpet Plus","flooring-professionals.com /carpet-plus/",20228,0,0
"Carpet Liquidation Depot","flooring-professionals.com /carpet-liquidation-depot/",52381,1,2
"Carpetland’s Custom Carpet &amp; Tile","flooring-professionals.com /carpetlands-custom-carpet-tile/",12354,0,0
"Carpet Designs Unlimited","flooring-professionals.com /carpet-designs-unlimited-inc/",910561,0,0
"The Carpet Connection"," Inc","flooring-professionals.com /the-carpet-connection-inc/",19079,5
"Carpet &amp; Blinds Center","flooring-professionals.com /carpet-blind-center/",24167,1,1
"Carolina Wood Floors","flooring-professionals.com /carolina-wood-floors/",15386,0,0
"C &amp; A CARPET","flooring-professionals.com /c-a-carpet/",29040,0,0
"Bruce&#039;s Carpets &amp; Flooring","flooring-professionals.com /bruces-carpets-flooring/",8087,3,2
"Broadway Carpet","flooring-professionals.com /broadway-carpet/",14330,1
"Bristol Flooring","flooring-professionals.com /bristol-flooring/",20454,5,17
"Boyer’s Floor Covering"," Inc.","flooring-professionals.com /boyers-floor-covering-inc/",20706,0,0
"Bombergers Store","flooring-professionals.com /bombergers-store/",2518,0,1
"BMG Distributors"," LLC","flooring-professionals.com /bmg-distributors-llc/",22055,0,0
"Blue Ridge Floors","flooring-professionals.com /blue-ridge-floors/",16004,0,0
"Best Buy Supply","flooring-professionals.com /best-buy-supply/",13616,0,1
"Bell Floor Covering Company","flooring-professionals.com /bell-floor-covering-company/",19827,0,0
"Bay Country Floor"," LLC","flooring-professionals.com /bay-country-floor-llc/",27172,2,1
"Bast Floors &amp; Staircases","flooring-professionals.com /bast-floors-staircases/",903865,0,0
"Barrett Floor Covering","flooring-professionals.com /barrett-floor-covering/",10840,3,0
"Bareville Flooring &amp; Tile","flooring-professionals.com /bareville-flooring-tile/",9756,0,0
"At Your Door Floor Store","flooring-professionals.com /at-your-door-floor-store/",32617,0,0
"Atlas Carpet Center","flooring-professionals.com /atlas-carpet-center/",16391,0,1
"Associated Flooring"," Inc.","flooring-professionals.com /associated-flooring-inc/",13164,2,0
"Artistic Wood Flooring","flooring-professionals.com /artistic-wood-flooring/",902957,0,0
"Angier Paint &amp; Wallpaper","flooring-professionals.com /angier-paint-wallpaper/",1511,1,1
"Andrews Floor &amp; Wall Covering Co.","flooring-professionals.com /andrews-floor-wall-covering-co/",12067,0,0
"America&#039;s Carpet Outlet","flooring-professionals.com /americas-carpet-outlet/",6795,1,0
"American Tile &amp; Marble"," Inc.","flooring-professionals.com /american-tile-marble-inc/",25335,0,0
"Allen Scott Flooring","flooring-professionals.com /allen-scott-flooring/",4023,0,0
"Allen&#039;s Carpet","flooring-professionals.com /allens-carpet/",3821,0,1
"Affordable Carpet &amp; Wood","flooring-professionals.com /affordable-carpet-wood/",902045,2,0
"Adair&#039;s Brunnerville Flooring","flooring-professionals.com /adair-carpet-service/",7090,0,0
"Abram W. Bergey &amp; Sons"," Inc.","flooring-professionals.com /abram-w-bergey/",9801,7,9
"About Floors n&#039; More","flooring-professionals.com /about-floors-n-more/",926475,1,0
"About All Floors","flooring-professionals.com /about-all-floors/",25170,0,0
"Ability Wood Flooring","flooring-professionals.com /ability-wood-flooring/",901000,0,0
"Carpet Connection","flooring-professionals.com /carpet-connection/",23764,0,0
"Aberdeen Carpet &amp; Textiles Main Location","flooring-professionals.com /aberdeen-carpet-textiles/",16291,0,0
"Specialty Floor Designs","flooring-professionals.com /specialty-floor-designs/",947700,0,0
"Design Floors","flooring-professionals.com /design-floors/",21929,1,0
"Skyway Floor Covering","flooring-professionals.com /skyway-floor-covering/",16652,0,0
"Flooring Professionals","flooring-professionals.com /base-theme/",,0,0
Test,"flooring-professionals.com /test/",,1,1
"The Flooring Professionals","flooring-professionals.com /",,0
